movieId,title,genres
1,Movie 1,Thriller
2,Movie 2,Romance
3,Movie 3,Thriller
4,Movie 4,Romance
5,Movie 5,Thriller
6,Movie 6,Fantasy
7,Movie 7,Romance
8,Movie 8,Comedy
9,Movie 9,Thriller
10,Movie 10,Fantasy
11,Movie 11,Sci-Fi
12,Movie 12,Sci-Fi
13,Movie 13,Fantasy
14,Movie 14,Romance
15,Movie 15,Comedy
16,Movie 16,Fantasy
17,Movie 17,Thriller
18,Movie 18,Drama
19,Movie 19,Action
20,Movie 20,Romance
21,Movie 21,Thriller
22,Movie 22,Horror
23,Movie 23,Fantasy
24,Movie 24,Fantasy
25,Movie 25,Drama
26,Movie 26,Horror
27,Movie 27,Horror
28,Movie 28,Comedy
29,Movie 29,Horror
30,Movie 30,Fantasy
31,Movie 31,Horror
32,Movie 32,Action
33,Movie 33,Comedy
34,Movie 34,Thriller
35,Movie 35,Comedy
36,Movie 36,Sci-Fi
37,Movie 37,Comedy
38,Movie 38,Horror
39,Movie 39,Action
40,Movie 40,Thriller
41,Movie 41,Fantasy
42,Movie 42,Comedy
43,Movie 43,Comedy
44,Movie 44,Drama
45,Movie 45,Fantasy
46,Movie 46,Thriller
47,Movie 47,Horror
48,Movie 48,Thriller
49,Movie 49,Comedy
50,Movie 50,Thriller
51,Movie 51,Thriller
52,Movie 52,Comedy
53,Movie 53,Thriller
54,Movie 54,Horror
55,Movie 55,Thriller
56,Movie 56,Thriller
57,Movie 57,Thriller
58,Movie 58,Action
59,Movie 59,Drama
60,Movie 60,Fantasy
61,Movie 61,Comedy
62,Movie 62,Drama
63,Movie 63,Horror
64,Movie 64,Action
65,Movie 65,Drama
66,Movie 66,Sci-Fi
67,Movie 67,Romance
68,Movie 68,Comedy
69,Movie 69,Drama
70,Movie 70,Fantasy
71,Movie 71,Drama
72,Movie 72,Fantasy
73,Movie 73,Romance
74,Movie 74,Sci-Fi
75,Movie 75,Thriller
76,Movie 76,Drama
77,Movie 77,Thriller
78,Movie 78,Fantasy
79,Movie 79,Comedy
80,Movie 80,Horror
81,Movie 81,Fantasy
82,Movie 82,Drama
83,Movie 83,Horror
84,Movie 84,Romance
85,Movie 85,Drama
86,Movie 86,Action
87,Movie 87,Romance
88,Movie 88,Drama
89,Movie 89,Sci-Fi
90,Movie 90,Sci-Fi
91,Movie 91,Fantasy
92,Movie 92,Romance
93,Movie 93,Fantasy
94,Movie 94,Fantasy
95,Movie 95,Fantasy
96,Movie 96,Fantasy
97,Movie 97,Drama
98,Movie 98,Comedy
99,Movie 99,Action
100,Movie 100,Action
101,Movie 101,Fantasy
102,Movie 102,Romance
103,Movie 103,Romance
104,Movie 104,Comedy
105,Movie 105,Romance
106,Movie 106,Romance
107,Movie 107,Romance
108,Movie 108,Action
109,Movie 109,Drama
110,Movie 110,Horror
111,Movie 111,Thriller
112,Movie 112,Romance
113,Movie 113,Action
114,Movie 114,Action
115,Movie 115,Fantasy
116,Movie 116,Fantasy
117,Movie 117,Action
118,Movie 118,Thriller
119,Movie 119,Thriller
120,Movie 120,Comedy
121,Movie 121,Fantasy
122,Movie 122,Romance
123,Movie 123,Drama
124,Movie 124,Sci-Fi
125,Movie 125,Comedy
126,Movie 126,Thriller
127,Movie 127,Action
128,Movie 128,Drama
129,Movie 129,Comedy
130,Movie 130,Comedy
131,Movie 131,Romance
132,Movie 132,Comedy
133,Movie 133,Sci-Fi
134,Movie 134,Fantasy
135,Movie 135,Horror
136,Movie 136,Horror
137,Movie 137,Horror
138,Movie 138,Thriller
139,Movie 139,Drama
140,Movie 140,Thriller
141,Movie 141,Sci-Fi
142,Movie 142,Horror
143,Movie 143,Romance
144,Movie 144,Action
145,Movie 145,Romance
146,Movie 146,Comedy
147,Movie 147,Drama
148,Movie 148,Action
149,Movie 149,Sci-Fi
150,Movie 150,Comedy
151,Movie 151,Horror
152,Movie 152,Romance
153,Movie 153,Fantasy
154,Movie 154,Sci-Fi
155,Movie 155,Drama
156,Movie 156,Comedy
157,Movie 157,Comedy
158,Movie 158,Fantasy
159,Movie 159,Action
160,Movie 160,Drama
161,Movie 161,Drama
162,Movie 162,Romance
163,Movie 163,Romance
164,Movie 164,Horror
165,Movie 165,Romance
166,Movie 166,Horror
167,Movie 167,Action
168,Movie 168,Sci-Fi
169,Movie 169,Fantasy
170,Movie 170,Action
171,Movie 171,Horror
172,Movie 172,Romance
173,Movie 173,Romance
174,Movie 174,Horror
175,Movie 175,Horror
176,Movie 176,Action
177,Movie 177,Horror
178,Movie 178,Fantasy
179,Movie 179,Action
180,Movie 180,Action
181,Movie 181,Fantasy
182,Movie 182,Action
183,Movie 183,Action
184,Movie 184,Sci-Fi
185,Movie 185,Drama
186,Movie 186,Horror
187,Movie 187,Romance
188,Movie 188,Fantasy
189,Movie 189,Action
190,Movie 190,Fantasy
191,Movie 191,Drama
192,Movie 192,Drama
193,Movie 193,Drama
194,Movie 194,Horror
195,Movie 195,Fantasy
196,Movie 196,Action
197,Movie 197,Sci-Fi
198,Movie 198,Drama
199,Movie 199,Action
200,Movie 200,Drama
201,Movie 201,Comedy
202,Movie 202,Romance
203,Movie 203,Thriller
204,Movie 204,Comedy
205,Movie 205,Romance
206,Movie 206,Action
207,Movie 207,Fantasy
208,Movie 208,Horror
209,Movie 209,Comedy
210,Movie 210,Sci-Fi
211,Movie 211,Thriller
212,Movie 212,Action
213,Movie 213,Comedy
214,Movie 214,Horror
215,Movie 215,Fantasy
216,Movie 216,Fantasy
217,Movie 217,Drama
218,Movie 218,Comedy
219,Movie 219,Thriller
220,Movie 220,Horror
221,Movie 221,Action
222,Movie 222,Action
223,Movie 223,Thriller
224,Movie 224,Drama
225,Movie 225,Romance
226,Movie 226,Drama
227,Movie 227,Comedy
228,Movie 228,Romance
229,Movie 229,Drama
230,Movie 230,Comedy
231,Movie 231,Comedy
232,Movie 232,Romance
233,Movie 233,Sci-Fi
234,Movie 234,Action
235,Movie 235,Drama
236,Movie 236,Horror
237,Movie 237,Comedy
238,Movie 238,Horror
239,Movie 239,Romance
240,Movie 240,Horror
241,Movie 241,Sci-Fi
242,Movie 242,Action
243,Movie 243,Horror
244,Movie 244,Action
245,Movie 245,Sci-Fi
246,Movie 246,Fantasy
247,Movie 247,Fantasy
248,Movie 248,Drama
249,Movie 249,Sci-Fi
250,Movie 250,Drama
251,Movie 251,Action
252,Movie 252,Action
253,Movie 253,Fantasy
254,Movie 254,Comedy
255,Movie 255,Sci-Fi
256,Movie 256,Drama
257,Movie 257,Romance
258,Movie 258,Romance
259,Movie 259,Comedy
260,Movie 260,Drama
261,Movie 261,Sci-Fi
262,Movie 262,Fantasy
263,Movie 263,Horror
264,Movie 264,Fantasy
265,Movie 265,Horror
266,Movie 266,Thriller
267,Movie 267,Thriller
268,Movie 268,Action
269,Movie 269,Thriller
270,Movie 270,Thriller
271,Movie 271,Horror
272,Movie 272,Horror
273,Movie 273,Romance
274,Movie 274,Action
275,Movie 275,Drama
276,Movie 276,Thriller
277,Movie 277,Sci-Fi
278,Movie 278,Sci-Fi
279,Movie 279,Thriller
280,Movie 280,Romance
281,Movie 281,Thriller
282,Movie 282,Thriller
283,Movie 283,Romance
284,Movie 284,Comedy
285,Movie 285,Drama
286,Movie 286,Drama
287,Movie 287,Drama
288,Movie 288,Comedy
289,Movie 289,Fantasy
290,Movie 290,Fantasy
291,Movie 291,Horror
292,Movie 292,Action
293,Movie 293,Action
294,Movie 294,Thriller
295,Movie 295,Fantasy
296,Movie 296,Drama
297,Movie 297,Romance
298,Movie 298,Action
299,Movie 299,Drama
300,Movie 300,Horror
301,Movie 301,Action
302,Movie 302,Thriller
303,Movie 303,Drama
304,Movie 304,Drama
305,Movie 305,Action
306,Movie 306,Thriller
307,Movie 307,Romance
308,Movie 308,Sci-Fi
309,Movie 309,Horror
310,Movie 310,Drama
311,Movie 311,Fantasy
312,Movie 312,Sci-Fi
313,Movie 313,Comedy
314,Movie 314,Thriller
315,Movie 315,Thriller
316,Movie 316,Horror
317,Movie 317,Romance
318,Movie 318,Horror
319,Movie 319,Thriller
320,Movie 320,Horror
321,Movie 321,Horror
322,Movie 322,Drama
323,Movie 323,Drama
324,Movie 324,Thriller
325,Movie 325,Comedy
326,Movie 326,Action
327,Movie 327,Horror
328,Movie 328,Comedy
329,Movie 329,Thriller
330,Movie 330,Action
331,Movie 331,Romance
332,Movie 332,Romance
333,Movie 333,Drama
334,Movie 334,Drama
335,Movie 335,Horror
336,Movie 336,Action
337,Movie 337,Sci-Fi
338,Movie 338,Action
339,Movie 339,Thriller
340,Movie 340,Horror
341,Movie 341,Sci-Fi
342,Movie 342,Drama
343,Movie 343,Sci-Fi
344,Movie 344,Sci-Fi
345,Movie 345,Fantasy
346,Movie 346,Sci-Fi
347,Movie 347,Action
348,Movie 348,Drama
349,Movie 349,Drama
350,Movie 350,Sci-Fi
351,Movie 351,Romance
352,Movie 352,Action
353,Movie 353,Comedy
354,Movie 354,Drama
355,Movie 355,Romance
356,Movie 356,Thriller
357,Movie 357,Drama
358,Movie 358,Fantasy
359,Movie 359,Thriller
360,Movie 360,Romance
361,Movie 361,Thriller
362,Movie 362,Romance
363,Movie 363,Thriller
364,Movie 364,Thriller
365,Movie 365,Romance
366,Movie 366,Drama
367,Movie 367,Comedy
368,Movie 368,Comedy
369,Movie 369,Thriller
370,Movie 370,Comedy
371,Movie 371,Comedy
372,Movie 372,Thriller
373,Movie 373,Sci-Fi
374,Movie 374,Sci-Fi
375,Movie 375,Action
376,Movie 376,Action
377,Movie 377,Sci-Fi
378,Movie 378,Drama
379,Movie 379,Thriller
380,Movie 380,Romance
381,Movie 381,Sci-Fi
382,Movie 382,Action
383,Movie 383,Drama
384,Movie 384,Drama
385,Movie 385,Romance
386,Movie 386,Comedy
387,Movie 387,Sci-Fi
388,Movie 388,Romance
389,Movie 389,Sci-Fi
390,Movie 390,Sci-Fi
391,Movie 391,Drama
392,Movie 392,Fantasy
393,Movie 393,Sci-Fi
394,Movie 394,Fantasy
395,Movie 395,Action
396,Movie 396,Fantasy
397,Movie 397,Romance
398,Movie 398,Romance
399,Movie 399,Sci-Fi
400,Movie 400,Horror
401,Movie 401,Drama
402,Movie 402,Romance
403,Movie 403,Thriller
404,Movie 404,Thriller
405,Movie 405,Drama
406,Movie 406,Comedy
407,Movie 407,Horror
408,Movie 408,Sci-Fi
409,Movie 409,Action
410,Movie 410,Sci-Fi
411,Movie 411,Thriller
412,Movie 412,Romance
413,Movie 413,Sci-Fi
414,Movie 414,Fantasy
415,Movie 415,Horror
416,Movie 416,Comedy
417,Movie 417,Sci-Fi
418,Movie 418,Horror
419,Movie 419,Thriller
420,Movie 420,Comedy
421,Movie 421,Thriller
422,Movie 422,Horror
423,Movie 423,Action
424,Movie 424,Sci-Fi
425,Movie 425,Comedy
426,Movie 426,Thriller
427,Movie 427,Sci-Fi
428,Movie 428,Horror
429,Movie 429,Horror
430,Movie 430,Romance
431,Movie 431,Thriller
432,Movie 432,Fantasy
433,Movie 433,Action
434,Movie 434,Sci-Fi
435,Movie 435,Horror
436,Movie 436,Comedy
437,Movie 437,Horror
438,Movie 438,Sci-Fi
439,Movie 439,Action
440,Movie 440,Fantasy
441,Movie 441,Romance
442,Movie 442,Horror
443,Movie 443,Fantasy
444,Movie 444,Romance
445,Movie 445,Comedy
446,Movie 446,Horror
447,Movie 447,Drama
448,Movie 448,Romance
449,Movie 449,Thriller
450,Movie 450,Thriller
451,Movie 451,Romance
452,Movie 452,Drama
453,Movie 453,Comedy
454,Movie 454,Comedy
455,Movie 455,Thriller
456,Movie 456,Comedy
457,Movie 457,Drama
458,Movie 458,Sci-Fi
459,Movie 459,Romance
460,Movie 460,Romance
461,Movie 461,Action
462,Movie 462,Thriller
463,Movie 463,Romance
464,Movie 464,Thriller
465,Movie 465,Comedy
466,Movie 466,Comedy
467,Movie 467,Horror
468,Movie 468,Fantasy
469,Movie 469,Romance
470,Movie 470,Romance
471,Movie 471,Horror
472,Movie 472,Romance
473,Movie 473,Action
474,Movie 474,Drama
475,Movie 475,Fantasy
476,Movie 476,Romance
477,Movie 477,Romance
478,Movie 478,Sci-Fi
479,Movie 479,Romance
480,Movie 480,Fantasy
481,Movie 481,Romance
482,Movie 482,Comedy
483,Movie 483,Action
484,Movie 484,Comedy
485,Movie 485,Sci-Fi
486,Movie 486,Horror
487,Movie 487,Fantasy
488,Movie 488,Romance
489,Movie 489,Action
490,Movie 490,Romance
491,Movie 491,Drama
492,Movie 492,Horror
493,Movie 493,Romance
494,Movie 494,Romance
495,Movie 495,Drama
496,Movie 496,Horror
497,Movie 497,Horror
498,Movie 498,Romance
499,Movie 499,Drama
500,Movie 500,Horror
501,Movie 501,Sci-Fi
502,Movie 502,Sci-Fi
503,Movie 503,Sci-Fi
504,Movie 504,Thriller
505,Movie 505,Horror
506,Movie 506,Drama
507,Movie 507,Thriller
508,Movie 508,Action
509,Movie 509,Action
510,Movie 510,Fantasy
511,Movie 511,Drama
512,Movie 512,Drama
513,Movie 513,Comedy
514,Movie 514,Action
515,Movie 515,Action
516,Movie 516,Sci-Fi
517,Movie 517,Sci-Fi
518,Movie 518,Thriller
519,Movie 519,Comedy
520,Movie 520,Horror
521,Movie 521,Comedy
522,Movie 522,Fantasy
523,Movie 523,Action
524,Movie 524,Comedy
525,Movie 525,Sci-Fi
526,Movie 526,Comedy
527,Movie 527,Romance
528,Movie 528,Thriller
529,Movie 529,Action
530,Movie 530,Romance
531,Movie 531,Thriller
532,Movie 532,Comedy
533,Movie 533,Fantasy
534,Movie 534,Drama
535,Movie 535,Comedy
536,Movie 536,Fantasy
537,Movie 537,Horror
538,Movie 538,Comedy
539,Movie 539,Romance
540,Movie 540,Thriller
541,Movie 541,Comedy
542,Movie 542,Romance
543,Movie 543,Comedy
544,Movie 544,Drama
545,Movie 545,Sci-Fi
546,Movie 546,Thriller
547,Movie 547,Thriller
548,Movie 548,Action
549,Movie 549,Sci-Fi
550,Movie 550,Action
551,Movie 551,Thriller
552,Movie 552,Thriller
553,Movie 553,Thriller
554,Movie 554,Romance
555,Movie 555,Thriller
556,Movie 556,Romance
557,Movie 557,Sci-Fi
558,Movie 558,Fantasy
559,Movie 559,Comedy
560,Movie 560,Fantasy
561,Movie 561,Fantasy
562,Movie 562,Thriller
563,Movie 563,Drama
564,Movie 564,Comedy
565,Movie 565,Horror
566,Movie 566,Drama
567,Movie 567,Fantasy
568,Movie 568,Sci-Fi
569,Movie 569,Drama
570,Movie 570,Action
571,Movie 571,Drama
572,Movie 572,Sci-Fi
573,Movie 573,Horror
574,Movie 574,Romance
575,Movie 575,Fantasy
576,Movie 576,Comedy
577,Movie 577,Comedy
578,Movie 578,Fantasy
579,Movie 579,Romance
580,Movie 580,Romance
581,Movie 581,Horror
582,Movie 582,Action
583,Movie 583,Comedy
584,Movie 584,Comedy
585,Movie 585,Thriller
586,Movie 586,Sci-Fi
587,Movie 587,Comedy
588,Movie 588,Fantasy
589,Movie 589,Thriller
590,Movie 590,Thriller
591,Movie 591,Thriller
592,Movie 592,Drama
593,Movie 593,Drama
594,Movie 594,Romance
595,Movie 595,Thriller
596,Movie 596,Action
597,Movie 597,Horror
598,Movie 598,Thriller
599,Movie 599,Drama
600,Movie 600,Romance
601,Movie 601,Action
602,Movie 602,Action
603,Movie 603,Comedy
604,Movie 604,Comedy
605,Movie 605,Horror
606,Movie 606,Action
607,Movie 607,Horror
608,Movie 608,Action
609,Movie 609,Drama
610,Movie 610,Horror
611,Movie 611,Fantasy
612,Movie 612,Drama
613,Movie 613,Fantasy
614,Movie 614,Comedy
615,Movie 615,Fantasy
616,Movie 616,Action
617,Movie 617,Action
618,Movie 618,Drama
619,Movie 619,Fantasy
620,Movie 620,Drama
621,Movie 621,Horror
622,Movie 622,Fantasy
623,Movie 623,Horror
624,Movie 624,Sci-Fi
625,Movie 625,Sci-Fi
626,Movie 626,Fantasy
627,Movie 627,Fantasy
628,Movie 628,Sci-Fi
629,Movie 629,Fantasy
630,Movie 630,Comedy
631,Movie 631,Comedy
632,Movie 632,Fantasy
633,Movie 633,Thriller
634,Movie 634,Drama
635,Movie 635,Fantasy
636,Movie 636,Drama
637,Movie 637,Horror
638,Movie 638,Fantasy
639,Movie 639,Action
640,Movie 640,Sci-Fi
641,Movie 641,Romance
642,Movie 642,Horror
643,Movie 643,Comedy
644,Movie 644,Fantasy
645,Movie 645,Sci-Fi
646,Movie 646,Action
647,Movie 647,Horror
648,Movie 648,Horror
649,Movie 649,Sci-Fi
650,Movie 650,Horror
651,Movie 651,Comedy
652,Movie 652,Sci-Fi
653,Movie 653,Thriller
654,Movie 654,Romance
655,Movie 655,Horror
656,Movie 656,Comedy
657,Movie 657,Fantasy
658,Movie 658,Drama
659,Movie 659,Romance
660,Movie 660,Comedy
661,Movie 661,Fantasy
662,Movie 662,Fantasy
663,Movie 663,Action
664,Movie 664,Thriller
665,Movie 665,Comedy
666,Movie 666,Horror
667,Movie 667,Action
668,Movie 668,Comedy
669,Movie 669,Drama
670,Movie 670,Horror
671,Movie 671,Romance
672,Movie 672,Fantasy
673,Movie 673,Romance
674,Movie 674,Drama
675,Movie 675,Drama
676,Movie 676,Action
677,Movie 677,Sci-Fi
678,Movie 678,Romance
679,Movie 679,Horror
680,Movie 680,Drama
681,Movie 681,Drama
682,Movie 682,Horror
683,Movie 683,Horror
684,Movie 684,Horror
685,Movie 685,Horror
686,Movie 686,Fantasy
687,Movie 687,Sci-Fi
688,Movie 688,Horror
689,Movie 689,Drama
690,Movie 690,Comedy
691,Movie 691,Sci-Fi
692,Movie 692,Sci-Fi
693,Movie 693,Thriller
694,Movie 694,Romance
695,Movie 695,Drama
696,Movie 696,Romance
697,Movie 697,Drama
698,Movie 698,Thriller
699,Movie 699,Fantasy
700,Movie 700,Comedy
701,Movie 701,Fantasy
702,Movie 702,Horror
703,Movie 703,Thriller
704,Movie 704,Action
705,Movie 705,Fantasy
706,Movie 706,Action
707,Movie 707,Comedy
708,Movie 708,Action
709,Movie 709,Comedy
710,Movie 710,Sci-Fi
711,Movie 711,Action
712,Movie 712,Comedy
713,Movie 713,Action
714,Movie 714,Comedy
715,Movie 715,Thriller
716,Movie 716,Comedy
717,Movie 717,Comedy
718,Movie 718,Drama
719,Movie 719,Romance
720,Movie 720,Sci-Fi
721,Movie 721,Thriller
722,Movie 722,Drama
723,Movie 723,Romance
724,Movie 724,Sci-Fi
725,Movie 725,Fantasy
726,Movie 726,Thriller
727,Movie 727,Comedy
728,Movie 728,Horror
729,Movie 729,Sci-Fi
730,Movie 730,Comedy
731,Movie 731,Fantasy
732,Movie 732,Fantasy
733,Movie 733,Thriller
734,Movie 734,Drama
735,Movie 735,Fantasy
736,Movie 736,Fantasy
737,Movie 737,Sci-Fi
738,Movie 738,Thriller
739,Movie 739,Thriller
740,Movie 740,Thriller
741,Movie 741,Thriller
742,Movie 742,Drama
743,Movie 743,Action
744,Movie 744,Action
745,Movie 745,Fantasy
746,Movie 746,Horror
747,Movie 747,Romance
748,Movie 748,Sci-Fi
749,Movie 749,Fantasy
750,Movie 750,Fantasy
751,Movie 751,Fantasy
752,Movie 752,Drama
753,Movie 753,Thriller
754,Movie 754,Fantasy
755,Movie 755,Fantasy
756,Movie 756,Action
757,Movie 757,Romance
758,Movie 758,Romance
759,Movie 759,Horror
760,Movie 760,Sci-Fi
761,Movie 761,Thriller
762,Movie 762,Horror
763,Movie 763,Sci-Fi
764,Movie 764,Comedy
765,Movie 765,Sci-Fi
766,Movie 766,Romance
767,Movie 767,Romance
768,Movie 768,Sci-Fi
769,Movie 769,Fantasy
770,Movie 770,Fantasy
771,Movie 771,Action
772,Movie 772,Sci-Fi
773,Movie 773,Drama
774,Movie 774,Drama
775,Movie 775,Drama
776,Movie 776,Drama
777,Movie 777,Comedy
778,Movie 778,Comedy
779,Movie 779,Thriller
780,Movie 780,Thriller
781,Movie 781,Drama
782,Movie 782,Comedy
783,Movie 783,Comedy
784,Movie 784,Horror
785,Movie 785,Action
786,Movie 786,Comedy
787,Movie 787,Thriller
788,Movie 788,Comedy
789,Movie 789,Romance
790,Movie 790,Drama
791,Movie 791,Horror
792,Movie 792,Action
793,Movie 793,Fantasy
794,Movie 794,Drama
795,Movie 795,Thriller
796,Movie 796,Fantasy
797,Movie 797,Drama
798,Movie 798,Comedy
799,Movie 799,Horror
800,Movie 800,Sci-Fi
801,Movie 801,Thriller
802,Movie 802,Thriller
803,Movie 803,Sci-Fi
804,Movie 804,Romance
805,Movie 805,Thriller
806,Movie 806,Comedy
807,Movie 807,Action
808,Movie 808,Drama
809,Movie 809,Drama
810,Movie 810,Sci-Fi
811,Movie 811,Action
812,Movie 812,Comedy
813,Movie 813,Drama
814,Movie 814,Drama
815,Movie 815,Drama
816,Movie 816,Romance
817,Movie 817,Action
818,Movie 818,Romance
819,Movie 819,Fantasy
820,Movie 820,Romance
821,Movie 821,Romance
822,Movie 822,Horror
823,Movie 823,Thriller
824,Movie 824,Thriller
825,Movie 825,Fantasy
826,Movie 826,Sci-Fi
827,Movie 827,Horror
828,Movie 828,Comedy
829,Movie 829,Sci-Fi
830,Movie 830,Fantasy
831,Movie 831,Thriller
832,Movie 832,Sci-Fi
833,Movie 833,Drama
834,Movie 834,Fantasy
835,Movie 835,Comedy
836,Movie 836,Fantasy
837,Movie 837,Sci-Fi
838,Movie 838,Romance
839,Movie 839,Romance
840,Movie 840,Horror
841,Movie 841,Drama
842,Movie 842,Romance
843,Movie 843,Sci-Fi
844,Movie 844,Thriller
845,Movie 845,Drama
846,Movie 846,Romance
847,Movie 847,Horror
848,Movie 848,Fantasy
849,Movie 849,Romance
850,Movie 850,Drama
851,Movie 851,Romance
852,Movie 852,Comedy
853,Movie 853,Romance
854,Movie 854,Horror
855,Movie 855,Romance
856,Movie 856,Fantasy
857,Movie 857,Romance
858,Movie 858,Thriller
859,Movie 859,Sci-Fi
860,Movie 860,Fantasy
861,Movie 861,Sci-Fi
862,Movie 862,Action
863,Movie 863,Horror
864,Movie 864,Horror
865,Movie 865,Comedy
866,Movie 866,Fantasy
867,Movie 867,Drama
868,Movie 868,Thriller
869,Movie 869,Horror
870,Movie 870,Drama
871,Movie 871,Sci-Fi
872,Movie 872,Horror
873,Movie 873,Comedy
874,Movie 874,Action
875,Movie 875,Horror
876,Movie 876,Drama
877,Movie 877,Fantasy
878,Movie 878,Romance
879,Movie 879,Comedy
880,Movie 880,Drama
881,Movie 881,Fantasy
882,Movie 882,Fantasy
883,Movie 883,Thriller
884,Movie 884,Drama
885,Movie 885,Thriller
886,Movie 886,Thriller
887,Movie 887,Thriller
888,Movie 888,Comedy
889,Movie 889,Comedy
890,Movie 890,Action
891,Movie 891,Action
892,Movie 892,Fantasy
893,Movie 893,Romance
894,Movie 894,Fantasy
895,Movie 895,Thriller
896,Movie 896,Horror
897,Movie 897,Drama
898,Movie 898,Romance
899,Movie 899,Horror
900,Movie 900,Fantasy
901,Movie 901,Fantasy
902,Movie 902,Horror
903,Movie 903,Drama
904,Movie 904,Drama
905,Movie 905,Drama
906,Movie 906,Sci-Fi
907,Movie 907,Action
908,Movie 908,Drama
909,Movie 909,Comedy
910,Movie 910,Drama
911,Movie 911,Drama
912,Movie 912,Drama
913,Movie 913,Thriller
914,Movie 914,Fantasy
915,Movie 915,Sci-Fi
916,Movie 916,Sci-Fi
917,Movie 917,Thriller
918,Movie 918,Sci-Fi
919,Movie 919,Thriller
920,Movie 920,Sci-Fi
921,Movie 921,Sci-Fi
922,Movie 922,Comedy
923,Movie 923,Thriller
924,Movie 924,Fantasy
925,Movie 925,Fantasy
926,Movie 926,Action
927,Movie 927,Comedy
928,Movie 928,Comedy
929,Movie 929,Drama
930,Movie 930,Fantasy
931,Movie 931,Drama
932,Movie 932,Action
933,Movie 933,Fantasy
934,Movie 934,Sci-Fi
935,Movie 935,Fantasy
936,Movie 936,Sci-Fi
937,Movie 937,Comedy
938,Movie 938,Action
939,Movie 939,Thriller
940,Movie 940,Action
941,Movie 941,Sci-Fi
942,Movie 942,Comedy
943,Movie 943,Thriller
944,Movie 944,Action
945,Movie 945,Sci-Fi
946,Movie 946,Fantasy
947,Movie 947,Horror
948,Movie 948,Comedy
949,Movie 949,Comedy
950,Movie 950,Fantasy
951,Movie 951,Horror
952,Movie 952,Romance
953,Movie 953,Comedy
954,Movie 954,Drama
955,Movie 955,Horror
956,Movie 956,Horror
957,Movie 957,Thriller
958,Movie 958,Comedy
959,Movie 959,Thriller
960,Movie 960,Comedy
961,Movie 961,Thriller
962,Movie 962,Fantasy
963,Movie 963,Sci-Fi
964,Movie 964,Horror
965,Movie 965,Sci-Fi
966,Movie 966,Drama
967,Movie 967,Sci-Fi
968,Movie 968,Sci-Fi
969,Movie 969,Romance
970,Movie 970,Horror
971,Movie 971,Horror
972,Movie 972,Romance
973,Movie 973,Fantasy
974,Movie 974,Thriller
975,Movie 975,Thriller
976,Movie 976,Horror
977,Movie 977,Action
978,Movie 978,Fantasy
979,Movie 979,Romance
980,Movie 980,Horror
981,Movie 981,Horror
982,Movie 982,Comedy
983,Movie 983,Fantasy
984,Movie 984,Comedy
985,Movie 985,Horror
986,Movie 986,Drama
987,Movie 987,Thriller
988,Movie 988,Drama
989,Movie 989,Horror
990,Movie 990,Action
991,Movie 991,Action
992,Movie 992,Romance
993,Movie 993,Drama
994,Movie 994,Sci-Fi
995,Movie 995,Comedy
996,Movie 996,Romance
997,Movie 997,Fantasy
998,Movie 998,Drama
999,Movie 999,Fantasy
1000,Movie 1000,Action
